"region","percent_delayed_orders"
"Caribbean","7.3964497041420118"
"EMEA","5.2495525949492941"
"South","5.8239277652370203"
"North Asia","6.3729683490162532"
"Central","6.7014482324368085"
"Oceania","5.2193862919414970"
"Southeast Asia","5.1134547778843081"
"Africa","4.7525615870939612"
"Central Asia","4.2480468750000000"
"Canada","3.9062500000000000"
"West","7.4305338744926631"
"North","7.0219435736677116"
"East","5.3019662921348315"
